centroid_lat,centroid_lon,car_hours,peak_hour
45.471548505146174,-73.58868408217266,1772.7499999995052,2
45.54386506674422,-73.56245583980697,986.3333333335024,23
45.4876395818664,-73.64276703077329,354.74999999998914,20
45.52286967122903,-73.5956772508181,560.166666666642,23
45.45397130964701,-73.73894559925054,2836.666666667356,19
